blend_type,lgbm_weight,catboost_weight,oof_auc
probability,0.427,0.573,0.960446270458643
probability,0.426,0.5740000000000001,0.9604462684733401
probability,0.428,0.5720000000000001,0.9604462587743079
probability,0.429,0.571,0.9604462585468252
probability,0.43,0.5700000000000001,0.96044624773106
probability,0.431,0.569,0.9604462210535514
probability,0.425,0.575,0.9604462137120665
probability,0.424,0.5760000000000001,0.9604461866829938
probability,0.432,0.5680000000000001,0.9604461664577197
probability,0.423,0.577,0.960446153181006
probability,0.433,0.567,0.9604461184382042
probability,0.422,0.5780000000000001,0.9604461019767336
probability,0.434,0.5660000000000001,0.9604460495936876
probability,0.421,0.579,0.9604460217374053
probability,0.435,0.565,0.9604459729320407
probability,0.42,0.5800000000000001,0.9604459109947241
probability,0.436,0.5640000000000001,0.9604458769757306
probability,0.419,0.581,0.960445809599511
probability,0.437,0.563,0.96044575332858
probability,0.418,0.5820000000000001,0.9604456853319532
probability,0.438,0.562,0.9604456125168306
probability,0.417,0.583,0.9604455826545651
probability,0.439,0.5609999999999999,0.9604455080609422
probability,0.41600000000000004,0.584,0.9604454534857908
probability,0.44,0.56,0.9604453729155786
probability,0.41500000000000004,0.585,0.9604453041537832
probability,0.441,0.5589999999999999,0.9604452432918389
probability,0.41400000000000003,0.586,0.960445167664204
probability,0.442,0.558,0.9604450514826197
probability,0.41300000000000003,0.587,0.9604449833412314
probability,0.443,0.5569999999999999,0.960444866621961
probability,0.41200000000000003,0.588,0.9604448010656025
probability,0.444,0.556,0.960444693921283
probability,0.41100000000000003,0.589,0.9604446013978922
probability,0.445,0.5549999999999999,0.9604445192559821
probability,0.41000000000000003,0.59,0.9604443388208944
probability,0.446,0.554,0.9604442956819154
probability,0.40900000000000003,0.591,0.9604441220299462
probability,0.447,0.5529999999999999,0.9604440665035038
probability,0.40800000000000003,0.592,0.9604438859856953
probability,0.448,0.552,0.96044380688378
probability,0.40700000000000003,0.593,0.9604436459915187
probability,0.449,0.5509999999999999,0.960443538847199
probability,0.406,0.594,0.9604433818428224
probability,0.45,0.55,0.9604432715757867
probability,0.405,0.595,0.9604431430687799
probability,0.451,0.5489999999999999,0.9604429630886576
probability,0.404,0.596,0.9604428417163333
probability,0.452,0.548,0.9604426394015527
probability,0.403,0.597,0.9604425409636137
probability,0.453,0.5469999999999999,0.9604423004524313
probability,0.402,0.598,0.9604422364470906
probability,0.454,0.546,0.960441997755769
probability,0.401,0.599,0.9604419259953387
probability,0.455,0.5449999999999999,0.9604416755162808
probability,0.4,0.6,0.9604416007572159
probability,0.456,0.544,0.9604413543935256
probability,0.399,0.601,0.9604412245009426
probability,0.457,0.5429999999999999,0.9604410020849695
probability,0.398,0.602,0.9604408480171868
probability,0.458,0.542,0.9604406157574197
probability,0.397,0.603,0.9604405017472607
probability,0.459,0.5409999999999999,0.9604402331729932
probability,0.396,0.604,0.960440103321771
probability,0.46,0.54,0.9604398442604138
probability,0.395,0.605,0.9604396985267676
probability,0.461,0.5389999999999999,0.9604394596286434
probability,0.394,0.606,0.9604393143499628
probability,0.462,0.538,0.9604390444107997
probability,0.393,0.607,0.9604389222112658
probability,0.463,0.5369999999999999,0.9604385762722234
probability,0.392,0.608,0.9604384995485359
probability,0.464,0.536,0.9604381330119749
probability,0.391,0.609,0.9604380542202635
probability,0.465,0.5349999999999999,0.9604376733316168
probability,0.39,0.61,0.9604376289931839
probability,0.466,0.534,0.9604371924126527
probability,0.389,0.611,0.9604371663141907
probability,0.467,0.5329999999999999,0.9604366939361653
probability,0.388,0.612,0.9604366847541392
probability,0.387,0.613,0.9604362228816753
probability,0.468,0.532,0.9604362001747728
probability,0.386,0.614,0.9604356880286472
probability,0.46900000000000003,0.5309999999999999,0.9604356816591337
probability,0.385,0.615,0.9604351738558585
probability,0.47000000000000003,0.53,0.9604351570221437
probability,0.384,0.616,0.9604346280216233
probability,0.47100000000000003,0.5289999999999999,0.9604346160064043
probability,0.383,0.617,0.9604340943266887
probability,0.47200000000000003,0.528,0.9604340923207055
probability,0.382,0.618,0.9604335624722952
probability,0.47300000000000003,0.5269999999999999,0.9604335049398696
probability,0.381,0.619,0.9604329946756459
probability,0.47400000000000003,0.526,0.9604329494893232
probability,0.38,0.62,0.9604324021040702
probability,0.47500000000000003,0.5249999999999999,0.9604323925911601
probability,0.379,0.621,0.9604318447302616
probability,0.47600000000000003,0.524,0.9604317756582624
probability,0.378,0.622,0.9604312238681184
probability,0.47700000000000004,0.5229999999999999,0.9604311741114627
probability,0.377,0.623,0.9604306552235793
probability,0.47800000000000004,0.522,0.9604305970707463
probability,0.376,0.624,0.9604300202575128
probability,0.47900000000000004,0.5209999999999999,0.9604299950896616
probability,0.375,0.625,0.9604293909991924
probability,0.48,0.52,0.9604293894068141
probability,0.374,0.626,0.9604287470785826
probability,0.481,0.519,0.9604287352701659
probability,0.373,0.627,0.9604280838219488
probability,0.482,0.518,0.9604280659955827
probability,0.483,0.517,0.9604273871460486
probability,0.372,0.628,0.9604273839406113
probability,0.484,0.516,0.9604267201669717
probability,0.371,0.629,0.9604266535972817
probability,0.485,0.515,0.9604260395596174
probability,0.37,0.63,0.960425965276198
probability,0.486,0.514,0.960425331468225
probability,0.369,0.631,0.9604252790231381
probability,0.487,0.513,0.9604246537147436
probability,0.368,0.632,0.9604245664234536
probability,0.488,0.512,0.9604239221099191
probability,0.367,0.633,0.960423813642064
probability,0.489,0.511,0.9604231730716529
probability,0.366,0.634,0.9604230545325213
probability,0.49,0.51,0.9604224130314993
probability,0.365,0.635,0.960422283159597
probability,0.491,0.509,0.9604216360749102
probability,0.364,0.636,0.9604214934433001
probability,0.492,0.508,0.9604208529349297
probability,0.363,0.637,0.9604206970059256
probability,0.493,0.507,0.9604200524442281
probability,0.362,0.638,0.9604198907040767
probability,0.494,0.506,0.9604192530495794
probability,0.361,0.639,0.9604190746411553
probability,0.495,0.505,0.9604184557436348
probability,0.36,0.64,0.9604182432128159
probability,0.496,0.504,0.9604176307882104
probability,0.359,0.641,0.9604174121774012
probability,0.497,0.503,0.960416771544949
probability,0.358,0.642,0.960416613527241
probability,0.498,0.502,0.960415919064126
probability,0.357,0.643,0.9604157517816707
probability,0.499,0.501,0.9604150310960127
probability,0.356,0.644,0.9604148596981895
probability,0.5,0.5,0.9604141625466437
probability,0.355,0.645,0.9604139880261047
probability,0.501,0.499,0.9604132922601347
probability,0.354,0.646,0.9604131366826949
probability,0.502,0.498,0.9604124075594992
probability,0.353,0.647,0.960412227351894
probability,0.503,0.497,0.9604114470657865
probability,0.352,0.648,0.9604113078257354
probability,0.504,0.496,0.9604105494400011
probability,0.35100000000000003,0.649,0.9604103743817758
probability,0.505,0.495,0.9604095850584037
probability,0.35000000000000003,0.6499999999999999,0.9604094295223241
probability,0.506,0.494,0.9604086758516843
probability,0.34900000000000003,0.651,0.9604084420822595
probability,0.507,0.493,0.960407752127437
probability,0.34800000000000003,0.6519999999999999,0.9604074821055528
probability,0.508,0.492,0.960406775337696
probability,0.34700000000000003,0.653,0.9604065200608223
probability,0.509,0.491,0.9604058006986995
probability,0.34600000000000003,0.6539999999999999,0.9604055061293717
probability,0.51,0.49,0.9604048311677224
probability,0.34500000000000003,0.655,0.9604044668232671
probability,0.511,0.489,0.9604038424041227
probability,0.34400000000000003,0.6559999999999999,0.9604034639350639
probability,0.512,0.488,0.960402864807852
probability,0.343,0.657,0.9604024819959431
probability,0.513,0.487,0.960401860182509
probability,0.342,0.6579999999999999,0.960401435989441
probability,0.514,0.486,0.9604007986658274
probability,0.341,0.659,0.9604003929402133
probability,0.515,0.485,0.9603997644884223
probability,0.34,0.6599999999999999,0.9603993086545886
probability,0.516,0.484,0.9603986978637218
probability,0.339,0.661,0.9603982276778018
probability,0.517,0.483,0.9603976381048608
probability,0.338,0.6619999999999999,0.9603971162390228
probability,0.518,0.482,0.9603965749337602
probability,0.337,0.663,0.9603960043245983
probability,0.519,0.481,0.9603954701953785
probability,0.336,0.6639999999999999,0.9603948620515825
probability,0.52,0.48,0.9603943487887243
probability,0.335,0.665,0.9603937164490484
probability,0.521,0.479,0.9603932067845515
probability,0.334,0.6659999999999999,0.960392562533058
probability,0.522,0.478,0.9603920454443552
probability,0.333,0.667,0.96039138206364
probability,0.523,0.477,0.9603909105955454
probability,0.332,0.6679999999999999,0.9603902134439997
probability,0.524,0.476,0.9603897403008054
probability,0.331,0.669,0.9603890523312857
probability,0.525,0.475,0.9603885636572321
probability,0.33,0.6699999999999999,0.9603878064089109
probability,0.526,0.474,0.9603873739851077
probability,0.329,0.671,0.9603865521110391
probability,0.527,0.473,0.9603862078057354
probability,0.328,0.6719999999999999,0.9603853146262017
probability,0.528,0.472,0.9603850127981096
probability,0.327,0.673,0.960384073460282
probability,0.529,0.471,0.96038383042611
probability,0.326,0.6739999999999999,0.9603828121104483
probability,0.53,0.47,0.9603825643818622
probability,0.325,0.675,0.9603815298322127
probability,0.531,0.469,0.9603813333699396
probability,0.324,0.6759999999999999,0.9603802261499292
probability,0.532,0.46799999999999997,0.9603800525806813
probability,0.323,0.677,0.9603789268725372
probability,0.533,0.46699999999999997,0.9603787746659762
probability,0.322,0.6779999999999999,0.9603776619863829
probability,0.534,0.46599999999999997,0.9603774935251539
probability,0.321,0.679,0.9603763285038749
probability,0.535,0.46499999999999997,0.960376179068466
probability,0.32,0.6799999999999999,0.9603750186175197
probability,0.536,0.46399999999999997,0.9603748537132919
probability,0.319,0.681,0.9603736657989882
probability,0.537,0.46299999999999997,0.9603735046172033
probability,0.318,0.6819999999999999,0.9603723046670002
probability,0.538,0.46199999999999997,0.9603721545905038
probability,0.317,0.683,0.9603709409706628
probability,0.539,0.46099999999999997,0.9603707853105017
probability,0.316,0.6839999999999999,0.9603695382507135
probability,0.54,0.45999999999999996,0.9603694250264038
probability,0.315,0.685,0.9603681651241869
probability,0.541,0.45899999999999996,0.9603680374650698
probability,0.314,0.6859999999999999,0.9603667752673469
probability,0.542,0.45799999999999996,0.9603666787733504
probability,0.313,0.687,0.960365331952088
probability,0.543,0.45699999999999996,0.9603652623837631
probability,0.312,0.688,0.9603638848937057
probability,0.544,0.45599999999999996,0.9603638189651031
probability,0.311,0.6890000000000001,0.9603624325618625
probability,0.545,0.45499999999999996,0.9603623711622324
probability,0.31,0.69,0.9603609945407454
probability,0.546,0.45399999999999996,0.9603609666637828
probability,0.547,0.45299999999999996,0.9603595188609123
probability,0.309,0.6910000000000001,0.9603595129670439
probability,0.548,0.45199999999999996,0.9603580897943382
probability,0.308,0.692,0.9603580256649163
probability,0.549,0.45099999999999996,0.960356640130246
probability,0.307,0.6930000000000001,0.9603565434087671
probability,0.55,0.44999999999999996,0.9603551905075143
probability,0.306,0.694,0.9603550703346438
probability,0.551,0.44899999999999995,0.9603537215073985
probability,0.305,0.6950000000000001,0.9603535134021509
probability,0.552,0.44799999999999995,0.9603522397889355
probability,0.304,0.696,0.9603519828369625
probability,0.553,0.44699999999999995,0.9603507473581081
probability,0.303,0.6970000000000001,0.9603504609161143
probability,0.554,0.44599999999999995,0.9603492069698066
probability,0.302,0.698,0.9603489033218533
probability,0.555,0.44499999999999995,0.9603476802511428
probability,0.301,0.6990000000000001,0.9603473053804458
probability,0.556,0.44399999999999995,0.9603461467080003
probability,0.3,0.7,0.9603457208191529
probability,0.557,0.44299999999999995,0.9603445917401294
probability,0.299,0.7010000000000001,0.9603441220298553
probability,0.558,0.44199999999999995,0.9603429808735724
probability,0.298,0.702,0.9603425379442079
probability,0.559,0.44099999999999995,0.9603413865305263
probability,0.297,0.7030000000000001,0.9603408891087313
probability,0.56,0.43999999999999995,0.9603397876585077
probability,0.296,0.704,0.9603392523298342
probability,0.561,0.43899999999999995,0.9603381567321184
probability,0.295,0.7050000000000001,0.960337607485644
probability,0.562,0.43799999999999994,0.9603365502911324
probability,0.294,0.706,0.9603359309386467
probability,0.5630000000000001,0.43699999999999994,0.9603349036477612
probability,0.293,0.7070000000000001,0.9603342390882723
probability,0.5640000000000001,0.43599999999999994,0.960333236944558
probability,0.292,0.708,0.9603325249446002
probability,0.5650000000000001,0.43499999999999994,0.9603315789270552
probability,0.291,0.7090000000000001,0.9603308413663221
probability,0.5660000000000001,0.43399999999999994,0.9603299308360671
probability,0.29,0.71,0.9603291179165422
probability,0.5670000000000001,0.43299999999999994,0.9603282595211707
probability,0.289,0.7110000000000001,0.9603273781707337
probability,0.5680000000000001,0.43199999999999994,0.9603265578476827
probability,0.28800000000000003,0.712,0.96032564833076
probability,0.5690000000000001,0.43099999999999994,0.9603248821485755
probability,0.28700000000000003,0.713,0.9603239124728364
probability,0.5700000000000001,0.42999999999999994,0.9603231686046301
probability,0.28600000000000003,0.714,0.9603221677017302
probability,0.5710000000000001,0.42899999999999994,0.9603214463543043
probability,0.28500000000000003,0.715,0.9603204097986716
probability,0.5720000000000001,0.42799999999999994,0.9603197564685529
probability,0.28400000000000003,0.716,0.9603186145677814
probability,0.5730000000000001,0.42699999999999994,0.96031801287622
probability,0.28300000000000003,0.717,0.9603168069080672
probability,0.5740000000000001,0.42599999999999993,0.9603162437851521
probability,0.28200000000000003,0.718,0.9603149651259586
probability,0.5750000000000001,0.42499999999999993,0.9603144689449776
probability,0.281,0.719,0.9603131172845393
probability,0.5760000000000001,0.42399999999999993,0.9603127043208416
probability,0.28,0.72,0.9603112506241026
probability,0.577,0.42300000000000004,0.9603109268335965
probability,0.279,0.721,0.9603093915533139
probability,0.578,0.42200000000000004,0.9603091028778538
probability,0.278,0.722,0.9603075345712289
probability,0.579,0.42100000000000004,0.9603072654592755
probability,0.277,0.723,0.9603056892734794
probability,0.58,0.42000000000000004,0.9603054258279115
probability,0.276,0.724,0.9603037806321569
probability,0.581,0.41900000000000004,0.9603036256130835
probability,0.275,0.725,0.960301871763352
probability,0.582,0.41800000000000004,0.960301753720546
probability,0.274,0.726,0.9602999103460589
probability,0.583,0.41700000000000004,0.960299850642208
probability,0.584,0.41600000000000004,0.9602979581314723
probability,0.273,0.727,0.9602979449374797
probability,0.585,0.41500000000000004,0.9602960681644062
probability,0.272,0.728,0.9602960162983659
probability,0.586,0.41400000000000003,0.9602941467426955
probability,0.271,0.729,0.9602940700396883
probability,0.587,0.41300000000000003,0.9602922232116011
probability,0.27,0.73,0.96029211422674
probability,0.588,0.41200000000000003,0.9602902649790648
probability,0.269,0.731,0.9602901167637901
probability,0.589,0.41100000000000003,0.9602883262893547
probability,0.268,0.732,0.9602881267043657
probability,0.59,0.41000000000000003,0.9602863711174939
probability,0.267,0.733,0.9602860793813586
probability,0.591,0.40900000000000003,0.9602844413823275
probability,0.266,0.734,0.960284020932383
probability,0.592,0.40800000000000003,0.9602824799029935
probability,0.265,0.735,0.9602819853350719
probability,0.593,0.40700000000000003,0.960280501052259
probability,0.264,0.736,0.9602799421894731
probability,0.594,0.406,0.9602784802619991
probability,0.263,0.737,0.9602778646733168
probability,0.595,0.405,0.9602764580241223
probability,0.262,0.738,0.9602757951190527
probability,0.596,0.404,0.9602744055310556
probability,0.261,0.739,0.9602736914217136
probability,0.597,0.403,0.9602723675761969
probability,0.26,0.74,0.9602715781494237
probability,0.598,0.402,0.9602703198189051
probability,0.259,0.741,0.9602694603068008
probability,0.599,0.401,0.9602682497683153
probability,0.258,0.742,0.9602673106993305
probability,0.6,0.4,0.9602661925601539
probability,0.257,0.743,0.9602651560458817
probability,0.601,0.399,0.9602641203174587
probability,0.256,0.744,0.9602629738256739
probability,0.602,0.398,0.9602619786098398
probability,0.255,0.745,0.9602607884827503
probability,0.603,0.397,0.9602598792967113
probability,0.254,0.746,0.9602586088268923
probability,0.604,0.396,0.9602577642872814
probability,0.253,0.747,0.9602563809033559
probability,0.605,0.395,0.9602556326509387
probability,0.252,0.748,0.9602542097470762
probability,0.606,0.394,0.9602534557455527
probability,0.251,0.749,0.960251978556062
probability,0.607,0.393,0.9602512998099291
probability,0.25,0.75,0.9602497628131866
probability,0.608,0.392,0.9602491621969976
probability,0.249,0.751,0.9602474861256458
probability,0.609,0.391,0.9602469845471228
probability,0.248,0.752,0.9602452177515616
probability,0.61,0.39,0.9602447852657177
probability,0.247,0.753,0.9602429539684902
probability,0.611,0.389,0.9602425741345355
probability,0.246,0.754,0.960240622188792
probability,0.612,0.388,0.9602403760732646
probability,0.245,0.755,0.9602383067051227
probability,0.613,0.387,0.9602381550155676
probability,0.244,0.756,0.9602359639442175
probability,0.614,0.386,0.9602358965886783
probability,0.615,0.385,0.9602336550782247
probability,0.243,0.757,0.9602336150412815
probability,0.616,0.384,0.9602313754954507
probability,0.242,0.758,0.9602312459337515
probability,0.617,0.383,0.9602290909080584
probability,0.241,0.759,0.9602288674373931
probability,0.618,0.382,0.9602267911000104
probability,0.24,0.76,0.9602264900577675
probability,0.619,0.381,0.9602244741066833
probability,0.23900000000000002,0.761,0.9602240658373999
probability,0.62,0.38,0.9602221733680248
probability,0.23800000000000002,0.762,0.9602216926972234
probability,0.621,0.379,0.9602198608416296
probability,0.23700000000000002,0.763,0.9602192792926209
probability,0.622,0.378,0.9602175464333322
probability,0.23600000000000002,0.764,0.960216819771085
probability,0.623,0.377,0.9602152227189276
probability,0.23500000000000001,0.765,0.9602143763801357
probability,0.624,0.376,0.9602128417823008
probability,0.234,0.766,0.9602119025478745
probability,0.625,0.375,0.9602104416957726
probability,0.233,0.767,0.9602094467487816
probability,0.626,0.374,0.9602080698170908
probability,0.232,0.768,0.9602069086009756
probability,0.627,0.373,0.960205655874802
probability,0.231,0.769,0.9602044037690355
probability,0.628,0.372,0.9602032649289395
probability,0.23,0.77,0.9602019182731191
probability,0.629,0.371,0.960200849704476
probability,0.229,0.771,0.9601993823587792
probability,0.63,0.37,0.9601983822830887
probability,0.228,0.772,0.9601968590593853
probability,0.631,0.369,0.9601959619092458
probability,0.227,0.773,0.9601943019478003
probability,0.632,0.368,0.9601935134102773
probability,0.226,0.774,0.9601917405347257
probability,0.633,0.367,0.9601910651181114
probability,0.225,0.775,0.9601891736620676
probability,0.634,0.366,0.9601885739351289
probability,0.224,0.776,0.9601865586871732
probability,0.635,0.365,0.9601860633747624
probability,0.223,0.777,0.9601839519223336
probability,0.636,0.364,0.9601835712611695
probability,0.222,0.778,0.9601812943047858
probability,0.637,0.363,0.9601810438257277
probability,0.221,0.779,0.9601786542861215
probability,0.638,0.362,0.9601784684534914
probability,0.22,0.78,0.9601760226015937
probability,0.639,0.361,0.9601759044967473
probability,0.64,0.36,0.9601733686237679
probability,0.219,0.781,0.9601733537546759
probability,0.641,0.359,0.9601707950920728
probability,0.218,0.782,0.9601706569894349
probability,0.642,0.358,0.9601682482792471
probability,0.217,0.783,0.9601679573289608
probability,0.643,0.357,0.9601656051999075
probability,0.216,0.784,0.960165230225809
probability,0.644,0.356,0.960162993864735
probability,0.215,0.785,0.960162513917742
probability,0.645,0.355,0.9601603712795124
probability,0.214,0.786,0.9601597616053787
probability,0.646,0.354,0.9601577805625386
probability,0.213,0.787,0.960157027429585
probability,0.647,0.353,0.9601551554336465
probability,0.212,0.788,0.9601542701953246
probability,0.648,0.352,0.9601525122302256
probability,0.211,0.789,0.9601515109137206
probability,0.649,0.351,0.9601498578181147
probability,0.21,0.79,0.9601487049981767
probability,0.65,0.35,0.9601471669467421
probability,0.209,0.791,0.9601458838826574
probability,0.651,0.349,0.9601444925161596
probability,0.20800000000000002,0.792,0.9601430607197943
probability,0.652,0.348,0.9601417671087876
probability,0.20700000000000002,0.7929999999999999,0.9601402229980426
probability,0.653,0.347,0.9601390653389288
probability,0.20600000000000002,0.794,0.9601373295016856
probability,0.654,0.346,0.960136354221602
probability,0.20500000000000002,0.7949999999999999,0.9601344522186364
probability,0.655,0.345,0.9601336190117964
probability,0.20400000000000001,0.796,0.9601315786373498
probability,0.656,0.344,0.9601308508170091
probability,0.203,0.7969999999999999,0.9601287181052942
probability,0.657,0.34299999999999997,0.9601281416436248
probability,0.202,0.798,0.9601258102775316
probability,0.658,0.34199999999999997,0.9601253499974461
probability,0.201,0.7989999999999999,0.960122866755676
probability,0.659,0.34099999999999997,0.9601225444127867
probability,0.2,0.8,0.9601199391782849
probability,0.66,0.33999999999999997,0.9601197646370653
probability,0.199,0.8009999999999999,0.9601169683998737
probability,0.661,0.33899999999999997,0.9601169483193615
probability,0.662,0.33799999999999997,0.9601141182492983
probability,0.198,0.802,0.9601140086853905
probability,0.663,0.33699999999999997,0.9601112659066177
probability,0.197,0.8029999999999999,0.9601110612549697
probability,0.664,0.33599999999999997,0.9601084399519219
probability,0.196,0.804,0.960108008045125
probability,0.665,0.33499999999999996,0.9601055698862763
probability,0.195,0.8049999999999999,0.9601049838496558
probability,0.666,0.33399999999999996,0.9601027190118924
probability,0.194,0.806,0.9601019657341773
probability,0.667,0.33299999999999996,0.9600998420183664
probability,0.193,0.8069999999999999,0.9600989052862486
probability,0.668,0.33199999999999996,0.9600969633083805
probability,0.192,0.808,0.9600958739354168
probability,0.669,0.33099999999999996,0.9600940800280617
probability,0.191,0.8089999999999999,0.9600928150798668
probability,0.67,0.32999999999999996,0.9600911931287013
probability,0.19,0.81,0.9600897118445231
probability,0.671,0.32899999999999996,0.9600883073253932
probability,0.189,0.8109999999999999,0.9600866118559773
probability,0.672,0.32799999999999996,0.9600853355129703
probability,0.188,0.812,0.9600835059942433
probability,0.673,0.32699999999999996,0.9600823944934236
probability,0.187,0.813,0.9600803951072113
probability,0.674,0.32599999999999996,0.9600794337656088
probability,0.186,0.8140000000000001,0.960077258618043
probability,0.675,0.32499999999999996,0.9600764382536316
probability,0.185,0.815,0.9600741111063072
probability,0.676,0.32399999999999995,0.9600734546534723
probability,0.184,0.8160000000000001,0.9600709295962582
probability,0.677,0.32299999999999995,0.9600704529787838
probability,0.183,0.817,0.9600677405999622
probability,0.678,0.32199999999999995,0.960067459224627
probability,0.182,0.8180000000000001,0.9600645458752404
probability,0.679,0.32099999999999995,0.9600644454933589
probability,0.68,0.31999999999999995,0.960061407318048
probability,0.181,0.819,0.9600613152289427
probability,0.681,0.31899999999999995,0.9600583365713605
probability,0.18,0.8200000000000001,0.9600580991208533
probability,0.682,0.31799999999999995,0.9600552694230344
probability,0.179,0.821,0.960054850792951
probability,0.683,0.31699999999999995,0.9600522041359297
probability,0.178,0.8220000000000001,0.9600515582093365
probability,0.684,0.31599999999999995,0.9600491417647393
probability,0.177,0.823,0.9600483038841652
probability,0.685,0.31499999999999995,0.9600460497174051
probability,0.176,0.8240000000000001,0.9600450138855811
probability,0.686,0.31399999999999995,0.9600429961766767
probability,0.17500000000000002,0.825,0.9600417026897513
probability,0.687,0.31299999999999994,0.9600398488097022
probability,0.17400000000000002,0.826,0.9600383704827986
probability,0.6880000000000001,0.31199999999999994,0.9600366989817798
probability,0.17300000000000001,0.827,0.9600350284320519
probability,0.6890000000000001,0.31099999999999994,0.9600335686553229
probability,0.17200000000000001,0.828,0.9600316634262399
probability,0.6900000000000001,0.30999999999999994,0.9600304110723104
probability,0.171,0.829,0.9600283007366144
probability,0.6910000000000001,0.30899999999999994,0.9600272431491785
probability,0.17,0.83,0.9600248967278713
probability,0.6920000000000001,0.30799999999999994,0.9600240158323994
probability,0.169,0.831,0.9600215143713381
probability,0.6930000000000001,0.30699999999999994,0.9600208052045733
probability,0.168,0.832,0.9600180984921376
probability,0.6940000000000001,0.30599999999999994,0.9600175670099885
probability,0.167,0.833,0.9600146708872411
probability,0.6950000000000001,0.30499999999999994,0.9600143671358867
probability,0.166,0.834,0.9600112531468188
probability,0.6960000000000001,0.30399999999999994,0.9600110996994436
probability,0.6970000000000001,0.30299999999999994,0.9600078694667507
probability,0.165,0.835,0.9600078016769263
probability,0.6980000000000001,0.30199999999999994,0.9600046330506662
probability,0.164,0.836,0.9600043620981714
probability,0.6990000000000001,0.30099999999999993,0.9600013392262375
probability,0.163,0.837,0.9600008737967729
probability,0.7000000000000001,0.29999999999999993,0.9599980215988536
probability,0.162,0.838,0.9599973645049313
probability,0.7010000000000001,0.29899999999999993,0.9599947263888491
probability,0.161,0.839,0.959993843900999
probability,0.7020000000000001,0.29799999999999993,0.9599914511559556
probability,0.16,0.84,0.9599903117368127
probability,0.7030000000000001,0.29699999999999993,0.9599881494523559
probability,0.159,0.841,0.9599867617255803
probability,0.704,0.29600000000000004,0.9599848272753191
probability,0.158,0.842,0.9599832159744768
probability,0.705,0.29500000000000004,0.9599815079935161
probability,0.157,0.843,0.9599796176128449
probability,0.706,0.29400000000000004,0.959978145862257
probability,0.156,0.844,0.9599760305839841
probability,0.707,0.29300000000000004,0.959974761665183
probability,0.155,0.845,0.9599724460160716
probability,0.708,0.29200000000000004,0.9599714200487213
probability,0.154,0.846,0.9599688339227607
probability,0.709,0.29100000000000004,0.9599680468328543
probability,0.153,0.847,0.9599652079116487
probability,0.71,0.29000000000000004,0.9599646811032339
probability,0.152,0.848,0.9599615618407049
probability,0.711,0.28900000000000003,0.9599612601987348
probability,0.151,0.849,0.959957891429119
probability,0.712,0.28800000000000003,0.9599578553834623
probability,0.713,0.28700000000000003,0.9599543957241948
probability,0.15,0.85,0.9599541746524373
probability,0.714,0.28600000000000003,0.9599509447092677
probability,0.149,0.851,0.9599504694360089
probability,0.715,0.28500000000000003,0.9599475194205582
probability,0.148,0.852,0.9599467945368112
probability,0.716,0.28400000000000003,0.9599440108318449
probability,0.147,0.853,0.9599430609057344
probability,0.717,0.28300000000000003,0.9599404995547002
probability,0.146,0.854,0.9599393544898523
probability,0.718,0.28200000000000003,0.9599369624479369
probability,0.145,0.855,0.9599356031358103
probability,0.719,0.281,0.9599334342750372
probability,0.14400000000000002,0.856,0.9599318420000149
probability,0.72,0.28,0.9599299221086424
probability,0.14300000000000002,0.857,0.9599280738329383
probability,0.721,0.279,0.9599264096734044
probability,0.14200000000000002,0.858,0.9599242952843815
probability,0.722,0.278,0.959922866507331
probability,0.14100000000000001,0.859,0.9599204745688171
probability,0.723,0.277,0.9599192976357201
probability,0.14,0.86,0.9599166427893243
probability,0.724,0.276,0.959915719726845
probability,0.139,0.861,0.9599127891921793
probability,0.725,0.275,0.9599121378473637
probability,0.138,0.862,0.9599089247999495
probability,0.726,0.274,0.9599085496397292
probability,0.137,0.863,0.9599050503571234
probability,0.727,0.273,0.9599049243524255
probability,0.728,0.272,0.9599012706711535
probability,0.136,0.864,0.9599011060771292
probability,0.729,0.271,0.959897647017589
probability,0.135,0.865,0.9598971947821167
probability,0.73,0.27,0.9598939910408103
probability,0.134,0.866,0.9598932359225536
probability,0.731,0.269,0.9598903034646261
probability,0.133,0.867,0.9598892956958865
probability,0.732,0.268,0.9598866582829324
probability,0.132,0.868,0.9598853531323521
probability,0.733,0.267,0.9598829800128558
probability,0.131,0.869,0.9598813933008182
probability,0.734,0.266,0.9598792595344111
probability,0.13,0.87,0.9598774032347742
probability,0.735,0.265,0.9598755356437266
probability,0.129,0.871,0.9598733927986948
probability,0.736,0.264,0.9598718058384939
probability,0.128,0.872,0.9598694003130628
probability,0.737,0.263,0.9598680293166006
probability,0.127,0.873,0.9598653908696346
probability,0.738,0.262,0.9598642756050112
probability,0.126,0.874,0.9598613372738958
probability,0.739,0.261,0.9598605018129097
probability,0.125,0.875,0.9598573060748559
probability,0.74,0.26,0.9598567477290759
probability,0.124,0.876,0.9598532361830885
probability,0.741,0.259,0.9598529393389339
probability,0.742,0.258,0.959849136470416
probability,0.123,0.877,0.9598491338233452
probability,0.743,0.257,0.9598453479953445
probability,0.122,0.878,0.9598450153950561
probability,0.744,0.256,0.9598415176634685
probability,0.121,0.879,0.9598408638577042
probability,0.745,0.255,0.9598376546568147
probability,0.12,0.88,0.9598367023111162
probability,0.746,0.254,0.9598338001910995
probability,0.11900000000000001,0.881,0.9598325758382142
probability,0.747,0.253,0.9598299106310185
probability,0.11800000000000001,0.882,0.9598284805924733
probability,0.748,0.252,0.9598260459492653
probability,0.117,0.883,0.959824281924856
probability,0.749,0.251,0.9598221603804703
probability,0.116,0.884,0.9598200798656792
probability,0.75,0.25,0.9598182709031102
probability,0.115,0.885,0.9598158625444864
probability,0.751,0.249,0.9598143385349339
probability,0.114,0.886,0.9598116273555664
probability,0.752,0.248,0.9598104246135309
probability,0.113,0.887,0.9598073508268481
probability,0.753,0.247,0.9598064510503179
probability,0.112,0.888,0.959803066191476
probability,0.754,0.246,0.9598024943001395
probability,0.111,0.889,0.9597987732219678
probability,0.755,0.245,0.9597984856839212
probability,0.756,0.244,0.9597944971895754
probability,0.11,0.89,0.9597944646181985
probability,0.757,0.243,0.9597905151888249
probability,0.109,0.891,0.9597901221815578
probability,0.758,0.242,0.959786534904534
probability,0.108,0.892,0.9597857223365728
probability,0.759,0.241,0.9597825300727991
probability,0.107,0.893,0.9597813784316351
probability,0.76,0.24,0.9597784773456304
probability,0.106,0.894,0.9597769943863528
probability,0.761,0.239,0.9597744195311226
probability,0.105,0.895,0.9597726012624458
probability,0.762,0.238,0.9597703369830487
probability,0.10400000000000001,0.896,0.9597682216220547
probability,0.763,0.237,0.9597662480654611
probability,0.10300000000000001,0.897,0.9597637453635856
probability,0.764,0.236,0.9597621691571094
probability,0.10200000000000001,0.898,0.9597592669336914
probability,0.765,0.235,0.9597580987069754
probability,0.101,0.899,0.9597547995470451
probability,0.766,0.23399999999999999,0.9597539685529907
probability,0.1,0.9,0.9597503239917043
probability,0.767,0.23299999999999998,0.9597498388539712
probability,0.099,0.901,0.9597458431422222
probability,0.768,0.23199999999999998,0.9597456778657499
probability,0.769,0.23099999999999998,0.9597415384056576
probability,0.098,0.902,0.9597413153072364
probability,0.77,0.22999999999999998,0.9597373680699681
probability,0.097,0.903,0.9597368182030862
probability,0.771,0.22899999999999998,0.9597331594551554
probability,0.096,0.904,0.9597322893961291
probability,0.772,0.22799999999999998,0.9597289683151452
probability,0.095,0.905,0.9597277096330626
probability,0.773,0.22699999999999998,0.9597247677035853
probability,0.094,0.906,0.9597230825536086
probability,0.774,0.22599999999999998,0.9597205751366387
probability,0.093,0.907,0.9597184858327458
probability,0.775,0.22499999999999998,0.9597163478268896
probability,0.092,0.908,0.9597138657432128
probability,0.776,0.22399999999999998,0.9597121427483984
probability,0.091,0.909,0.9597092273103076
probability,0.777,0.22299999999999998,0.9597078650202262
probability,0.09,0.91,0.9597045850308776
probability,0.778,0.22199999999999998,0.9597036248060081
probability,0.089,0.911,0.9596998814965793
probability,0.779,0.22099999999999997,0.9596993195110771
probability,0.088,0.912,0.9596951377805759
probability,0.78,0.21999999999999997,0.9596950218264743
probability,0.781,0.21899999999999997,0.9596907275334305
probability,0.08700000000000001,0.913,0.9596904658663631
probability,0.782,0.21799999999999997,0.9596863783550319
probability,0.08600000000000001,0.914,0.9596857199789346
probability,0.783,0.21699999999999997,0.959682042143143
probability,0.085,0.915,0.9596810000245259
probability,0.784,0.21599999999999997,0.9596777373238574
probability,0.084,0.916,0.9596762146998812
probability,0.785,0.21499999999999997,0.9596734273551925
probability,0.083,0.917,0.9596714230677632
probability,0.786,0.21399999999999997,0.9596690404146767
probability,0.082,0.918,0.9596666093491502
probability,0.787,0.21299999999999997,0.9596646331661661
probability,0.081,0.919,0.9596617755293441
probability,0.788,0.21199999999999997,0.959660212558221
probability,0.08,0.92,0.95965696778732
probability,0.789,0.21099999999999997,0.9596558293401485
probability,0.079,0.921,0.9596521303071117
probability,0.79,0.20999999999999996,0.9596513869352312
probability,0.078,0.922,0.9596472481575866
probability,0.791,0.20899999999999996,0.9596469704426537
probability,0.792,0.20799999999999996,0.9596425429481887
probability,0.077,0.923,0.9596423624510604
probability,0.793,0.20699999999999996,0.9596381037487085
probability,0.076,0.924,0.9596374252507385
probability,0.794,0.20599999999999996,0.9596335747556294
probability,0.075,0.925,0.9596324796335592
probability,0.795,0.20499999999999996,0.9596290705995177
probability,0.074,0.926,0.959627534450665
probability,0.796,0.20399999999999996,0.9596245405724265
probability,0.073,0.927,0.959622575556772
probability,0.797,0.20299999999999996,0.9596200542426812
probability,0.07200000000000001,0.9279999999999999,0.9596176044615375
probability,0.798,0.20199999999999996,0.959615564934981
probability,0.07100000000000001,0.929,0.9596126403562245
probability,0.799,0.20099999999999996,0.9596110331293893
probability,0.07,0.9299999999999999,0.9596075845547303
probability,0.8,0.19999999999999996,0.9596064843453211
probability,0.069,0.931,0.9596025425262755
probability,0.801,0.19899999999999995,0.9596019045408942
probability,0.068,0.9319999999999999,0.9595974539052418
probability,0.802,0.19799999999999995,0.9595973367103258
probability,0.803,0.19699999999999995,0.9595927814119822
probability,0.067,0.933,0.959592383110574
probability,0.804,0.19599999999999995,0.959588194328111
probability,0.066,0.9339999999999999,0.9595872816264315
probability,0.805,0.19499999999999995,0.9595835961803117
probability,0.065,0.935,0.959582140250107
probability,0.806,0.19399999999999995,0.9595789482344965
probability,0.064,0.9359999999999999,0.9595769764357233
probability,0.807,0.19299999999999995,0.9595743365204602
probability,0.063,0.937,0.9595718087127741
probability,0.808,0.19199999999999995,0.9595696858448531
probability,0.062,0.938,0.9595666193789751
probability,0.809,0.19099999999999995,0.9595650231540274
probability,0.061,0.9390000000000001,0.959561429031844
probability,0.81,0.18999999999999995,0.9595603122368834
probability,0.06,0.94,0.9595561871909177
probability,0.811,0.18899999999999995,0.9595556068827239
probability,0.059000000000000004,0.941,0.9595509244629494
probability,0.812,0.18799999999999994,0.9595509086632468
probability,0.8130000000000001,0.18699999999999994,0.959546161803847
probability,0.058,0.942,0.9595456762111488
probability,0.8140000000000001,0.18599999999999994,0.9595414316334001
probability,0.057,0.943,0.9595403696617536
probability,0.8150000000000001,0.18499999999999994,0.9595366672371576
probability,0.056,0.944,0.959535053413326
probability,0.8160000000000001,0.18399999999999994,0.9595318867103283
probability,0.055,0.945,0.9595296912547675
probability,0.8170000000000001,0.18299999999999994,0.9595271194602125
probability,0.054,0.946,0.9595243793905507
probability,0.8180000000000001,0.18199999999999994,0.9595223252223845
probability,0.053,0.947,0.9595190115242461
probability,0.8190000000000001,0.18099999999999994,0.9595175355135289
probability,0.052000000000000005,0.948,0.9595136176422003
probability,0.8200000000000001,0.17999999999999994,0.9595127090765685
probability,0.051000000000000004,0.949,0.9595081935876857
probability,0.8210000000000001,0.17899999999999994,0.9595079282395356
probability,0.8220000000000001,0.17799999999999994,0.9595030736154091
probability,0.05,0.95,0.9595027337149964
probability,0.8230000000000001,0.17699999999999994,0.9594982122495244
probability,0.049,0.951,0.9594972685895267
probability,0.8240000000000001,0.17599999999999993,0.9594933511938434
probability,0.048,0.952,0.9594917990798459
probability,0.8250000000000001,0.17499999999999993,0.9594884504734636
probability,0.047,0.953,0.9594862540666118
probability,0.8260000000000001,0.17399999999999993,0.9594835431560872
probability,0.046,0.954,0.9594807374059856
probability,0.8270000000000001,0.17299999999999993,0.95947860808583
probability,0.045,0.955,0.9594751540722681
probability,0.8280000000000001,0.17199999999999993,0.9594736339092401
probability,0.044,0.956,0.9594695670988282
probability,0.8290000000000001,0.17099999999999993,0.9594686756357544
probability,0.043000000000000003,0.957,0.9594639636639183
probability,0.8300000000000001,0.16999999999999993,0.959463709359016
probability,0.8310000000000001,0.16899999999999993,0.9594587540634847
probability,0.042,0.958,0.9594583684804238
probability,0.8320000000000001,0.16799999999999993,0.9594538044343391
probability,0.041,0.959,0.9594527072028843
probability,0.833,0.16700000000000004,0.9594488414871193
probability,0.04,0.96,0.9594470255553093
probability,0.834,0.16600000000000004,0.9594438286591622
probability,0.039,0.961,0.9594413247371525
probability,0.835,0.16500000000000004,0.9594387991836125
probability,0.038,0.962,0.959435611159288
probability,0.836,0.16400000000000003,0.9594337694392198
probability,0.037,0.963,0.9594298300811226
probability,0.837,0.16300000000000003,0.9594287186630238
probability,0.036000000000000004,0.964,0.9594240787411413
probability,0.838,0.16200000000000003,0.9594236528522938
probability,0.839,0.16100000000000003,0.9594185488038015
probability,0.035,0.965,0.9594182557854913
probability,0.84,0.16000000000000003,0.9594134482502695
probability,0.034,0.966,0.9594124248265888
probability,0.841,0.15900000000000003,0.9594083443878995
probability,0.033,0.967,0.959406543862868
probability,0.842,0.15800000000000003,0.9594032259666408
probability,0.032,0.968,0.9594006313204214
probability,0.843,0.15700000000000003,0.9593980877957535
probability,0.031,0.969,0.9593946942925718
probability,0.844,0.15600000000000003,0.9593929530784664
probability,0.03,0.97,0.9593887525289472
probability,0.845,0.15500000000000003,0.9593877875476227
probability,0.029,0.971,0.9593827933112008
probability,0.846,0.15400000000000003,0.9593826018949063
probability,0.847,0.15300000000000002,0.9593773882204656
probability,0.028,0.972,0.9593767903340682
probability,0.848,0.15200000000000002,0.959372141457642
probability,0.027,0.973,0.9593707885150288
probability,0.849,0.15100000000000002,0.9593669582658739
probability,0.026000000000000002,0.974,0.9593647298666921
probability,0.85,0.15000000000000002,0.9593616900576424
probability,0.025,0.975,0.9593586677647553
probability,0.851,0.14900000000000002,0.9593564597976499
probability,0.024,0.976,0.959352565088189
probability,0.852,0.14800000000000002,0.9593512031289916
probability,0.023,0.977,0.9593464884480443
probability,0.853,0.14700000000000002,0.959345903031831
probability,0.854,0.14600000000000002,0.9593405948900574
probability,0.022,0.978,0.9593403535309848
probability,0.855,0.14500000000000002,0.9593353196505445
probability,0.021,0.979,0.9593341913780506
probability,0.856,0.14400000000000002,0.9593299999691973
probability,0.02,0.98,0.9593279985563214
probability,0.857,0.14300000000000002,0.9593246829349206
probability,0.019,0.981,0.9593217691512489
probability,0.858,0.14200000000000002,0.9593193310130805
probability,0.018000000000000002,0.982,0.9593155159432212
probability,0.859,0.14100000000000001,0.9593139643255494
probability,0.017,0.983,0.959309222925733
probability,0.86,0.14,0.9593085885800735
probability,0.861,0.139,0.9593031644841984
probability,0.016,0.984,0.9593029007284267
probability,0.862,0.138,0.9592977562087063
probability,0.015,0.985,0.9592965691009319
probability,0.863,0.137,0.9592923338499713
probability,0.014,0.986,0.9592901974985342
probability,0.864,0.136,0.959286878651016
probability,0.013000000000000001,0.987,0.959283796550877
probability,0.865,0.135,0.9592814410095841
probability,0.012,0.988,0.9592773306052279
probability,0.866,0.134,0.9592759734852063
probability,0.011,0.989,0.9592708512587838
probability,0.867,0.133,0.9592704495658163
probability,0.868,0.132,0.9592649434314321
probability,0.01,0.99,0.9592643365904909
probability,0.869,0.131,0.959259426874207
probability,0.009000000000000001,0.991,0.959257790881159
probability,0.87,0.13,0.9592538712726902
probability,0.008,0.992,0.9592511938434733
probability,0.871,0.129,0.9592483093430204
probability,0.007,0.993,0.9592445477522598
probability,0.872,0.128,0.9592427566780976
probability,0.006,0.994,0.959237896594388
probability,0.873,0.127,0.9592371943555031
probability,0.874,0.126,0.9592316040732252
probability,0.005,0.995,0.9592312148711223
probability,0.875,0.125,0.95922599846689
probability,0.004,0.996,0.9592245161693804
probability,0.876,0.124,0.9592203473019877
probability,0.003,0.997,0.9592177401442237
probability,0.877,0.123,0.9592146877822686
probability,0.002,0.998,0.9592109289833405
probability,0.878,0.122,0.9592090270424156
probability,0.001,0.999,0.9592041126317171
probability,0.879,0.121,0.9592033592092403
probability,0.88,0.12,0.9591976411851245
probability,0.0,1.0,0.9591972894969755
probability,0.881,0.119,0.9591919723386176
probability,0.882,0.118,0.9591862823775864
probability,0.883,0.11699999999999999,0.9591806020535467
probability,0.884,0.11599999999999999,0.9591748581377713
probability,0.885,0.11499999999999999,0.9591690789208273
probability,0.886,0.11399999999999999,0.9591633507220337
probability,0.887,0.11299999999999999,0.9591575943774344
probability,0.888,0.11199999999999999,0.9591518365024975
probability,0.889,0.11099999999999999,0.9591460298842369
probability,0.89,0.10999999999999999,0.9591402075283137
probability,0.891,0.10899999999999999,0.9591343668290183
probability,0.892,0.10799999999999998,0.9591285164513714
probability,0.893,0.10699999999999998,0.9591226577602681
probability,0.894,0.10599999999999998,0.9591167537380803
probability,0.895,0.10499999999999998,0.9591108284979668
probability,0.896,0.10399999999999998,0.9591049279500593
probability,0.897,0.10299999999999998,0.9590989960509089
probability,0.898,0.10199999999999998,0.9590930323455507
probability,0.899,0.10099999999999998,0.9590870718456292
probability,0.9,0.09999999999999998,0.9590810917822018
probability,0.901,0.09899999999999998,0.9590751391407715
probability,0.902,0.09799999999999998,0.9590691258855597
probability,0.903,0.09699999999999998,0.9590631105830045
probability,0.904,0.09599999999999997,0.9590570336119756
probability,0.905,0.09499999999999997,0.9590510103888887
probability,0.906,0.09399999999999997,0.9590449585650308
probability,0.907,0.09299999999999997,0.9590388451967811
probability,0.908,0.09199999999999997,0.9590327531084973
probability,0.909,0.09099999999999997,0.9590266623437488
probability,0.91,0.08999999999999997,0.9590205121439929
probability,0.911,0.08899999999999997,0.9590143609929457
probability,0.912,0.08799999999999997,0.9590082213814722
probability,0.913,0.08699999999999997,0.9590020568503106
probability,0.914,0.08599999999999997,0.9589958628291273
probability,0.915,0.08499999999999996,0.9589896346648694
probability,0.916,0.08399999999999996,0.9589833930584558
probability,0.917,0.08299999999999996,0.9589771456822553
probability,0.918,0.08199999999999996,0.9589709216954058
probability,0.919,0.08099999999999996,0.9589646550245421
probability,0.92,0.07999999999999996,0.9589583563199879
probability,0.921,0.07899999999999996,0.9589520606347487
probability,0.922,0.07799999999999996,0.9589457223068563
probability,0.923,0.07699999999999996,0.9589393898728317
probability,0.924,0.07599999999999996,0.958933064490769
probability,0.925,0.07499999999999996,0.9589266812660769
probability,0.926,0.07399999999999995,0.9589202779608724
probability,0.927,0.07299999999999995,0.9589138838376944
probability,0.928,0.07199999999999995,0.958907413383753
probability,0.929,0.07099999999999995,0.9589009929553105
probability,0.93,0.06999999999999995,0.9588945042613982
probability,0.931,0.06899999999999995,0.95888802282625
probability,0.932,0.06799999999999995,0.9588814992034135
probability,0.933,0.06699999999999995,0.9588749596154323
probability,0.934,0.06599999999999995,0.9588684349379037
probability,0.935,0.06499999999999995,0.9588618648052092
probability,0.936,0.06399999999999995,0.9588553160352017
probability,0.937,0.06299999999999994,0.9588487420973433
probability,0.9380000000000001,0.061999999999999944,0.9588421319277054
probability,0.9390000000000001,0.06099999999999994,0.9588355048416323
probability,0.9400000000000001,0.05999999999999994,0.9588288613354486
probability,0.9410000000000001,0.05899999999999994,0.9588221903038666
probability,0.9420000000000001,0.05799999999999994,0.9588155566001166
probability,0.9430000000000001,0.05699999999999994,0.9588088375903798
probability,0.9440000000000001,0.05599999999999994,0.9588020875189234
probability,0.9450000000000001,0.05499999999999994,0.958795371590542
probability,0.9460000000000001,0.05399999999999994,0.9587886083044125
probability,0.9470000000000001,0.052999999999999936,0.9587818545518737
probability,0.9480000000000001,0.051999999999999935,0.958775053027982
probability,0.9490000000000001,0.050999999999999934,0.9587682235030466
probability,0.9500000000000001,0.04999999999999993,0.9587613857473758
probability,0.9510000000000001,0.04899999999999993,0.958754570657247
probability,0.9520000000000001,0.04799999999999993,0.9587476992961873
probability,0.9530000000000001,0.04699999999999993,0.9587408016298633
probability,0.9540000000000001,0.04599999999999993,0.958733915441072
probability,0.9550000000000001,0.04499999999999993,0.9587270061317734
probability,0.9560000000000001,0.04399999999999993,0.9587200777759745
probability,0.9570000000000001,0.04299999999999993,0.9587131490272507
probability,0.9580000000000001,0.041999999999999926,0.958706187955313
probability,0.9590000000000001,0.040999999999999925,0.9586991573564111
probability,0.96,0.040000000000000036,0.958692131679406
probability,0.961,0.039000000000000035,0.9586851086081112
probability,0.962,0.038000000000000034,0.9586780427700814
probability,0.963,0.03700000000000003,0.9586709482071994
probability,0.964,0.03600000000000003,0.9586638652252515
probability,0.965,0.03500000000000003,0.9586567839804435
probability,0.966,0.03400000000000003,0.9586496880940261
probability,0.967,0.03300000000000003,0.9586425218947955
probability,0.968,0.03200000000000003,0.9586353300934282
probability,0.969,0.031000000000000028,0.9586281830440989
probability,0.97,0.030000000000000027,0.9586209511437479
probability,0.971,0.029000000000000026,0.9586137271225682
probability,0.972,0.028000000000000025,0.9586064896178723
probability,0.973,0.027000000000000024,0.9585992774878299
probability,0.974,0.026000000000000023,0.958591955690479
probability,0.975,0.025000000000000022,0.9585846048373919
probability,0.976,0.02400000000000002,0.958577239322015
probability,0.977,0.02300000000000002,0.9585698568281615
probability,0.978,0.02200000000000002,0.958562476050768
probability,0.979,0.02100000000000002,0.9585550821827831
probability,0.98,0.020000000000000018,0.9585476483605763
probability,0.981,0.019000000000000017,0.9585402023990685
probability,0.982,0.018000000000000016,0.9585327417959515
probability,0.983,0.017000000000000015,0.958525245540102
probability,0.984,0.016000000000000014,0.9585177449207221
probability,0.985,0.015000000000000013,0.9585102070148706
probability,0.986,0.014000000000000012,0.9585026237365741
probability,0.987,0.013000000000000012,0.958495054024515
probability,0.988,0.01200000000000001,0.95848745964093
probability,0.989,0.01100000000000001,0.9584798269782222
probability,0.99,0.010000000000000009,0.958472194088032
probability,0.991,0.009000000000000008,0.9584644687778523
probability,0.992,0.008000000000000007,0.9584567281642956
probability,0.993,0.007000000000000006,0.9584489980149401
probability,0.994,0.006000000000000005,0.9584412298346245
probability,0.995,0.0050000000000000044,0.9584334582007089
probability,0.996,0.0040000000000000036,0.9584256584830284
probability,0.997,0.0030000000000000027,0.9584178364720501
probability,0.998,0.0020000000000000018,0.9584099920643727
probability,0.999,0.0010000000000000009,0.9584021273900607
probability,1.0,0.0,0.958394235955519
